05/02/2024 00:16:30, Database, Successfully Created User 'allisa', arvinarar
05/02/2024 00:16:33, User, Sign-Out, arvinarar
05/02/2024 00:16:37, User, Sign-In, allisa
05/02/2024 00:21:53, User, Sign-Out, allisa
05/02/2024 00:22:10, User, Sign-In, allisa
05/02/2024 01:00:56, Database, Successfully Updated User Details, allisa
05/02/2024 01:01:52, Database, Successfully Updated User Details, allisa
05/02/2024 01:16:36, Database, Successfully Updated User Details, Allisa123
05/02/2024 01:17:00, Database, Successfully Updated User Details, Allisa123
05/02/2024 01:17:15, User, Sign-Out, Allisa123
05/02/2024 01:17:20, User, Sign-In, allisa
05/02/2024 01:19:14, User, Sign-Out, Allisa
05/02/2024 01:19:21, User, Sign-In, admin
05/02/2024 01:19:40, Database, Successfully Updated User 'Allisa', admin
05/02/2024 01:19:58, Database, Successfully Created User 'sample12', admin
05/02/2024 01:20:04, User, Sign-Out, admin
05/02/2024 01:20:08, User, Sign-In, sample12
05/02/2024 01:20:51, Database, Successfully Updated User Details, sample12
05/02/2024 01:23:36, User, Sign-Out, sample12
05/02/2024 01:23:48, User, Sign-In, jovert
05/02/2024 01:23:56, User, Sign-Out, Jovert
05/02/2024 01:24:05, User, Sign-In, allisa
05/02/2024 01:24:28, Database, Successfully Updated User 'Jovert', Allisa
05/02/2024 01:24:39, Database, Successfully Deleted User 'Jovert', Allisa
05/02/2024 01:34:49, User, Sign-Out, Allisa
05/02/2024 01:34:59, User, Sign-In, allisa
05/02/2024 16:54:56, User, Sign-In, allisa
05/02/2024 22:41:48, Database, Successfully Updated User 'Allisa', Allisa
05/02/2024 22:51:23, Database, Successfully Updated User 'arvinarar', Allisa
05/02/2024 23:00:21, Database, Successfully Updated User 'arvinarar', Allisa
05/02/2024 23:01:05, Database, Successfully Updated User 'arvinarar', Allisa
05/02/2024 23:01:08, Database, Successfully Updated User 'arvinarar', Allisa
05/02/2024 23:01:12, Database, Successfully Updated User 'arvinarar', Allisa
05/02/2024 23:01:21, Database, Successfully Updated User 'arvinarar', Allisa
05/02/2024 23:06:51, Database, Successfully Updated User 'Allisa', Allisa
05/02/2024 23:07:08, User, Sign-Out, Allisa
05/02/2024 23:07:16, User, Sign-In, Allisa
05/02/2024 23:15:56, User, Sign-Out, Allisa
05/02/2024 23:16:00, User, Sign-In, arvinarar
05/02/2024 23:16:05, Database, Successfully Updated User 'Allisa', arvinarar
